Campaign,Campaign Daily Budget,Campaign Type,Campaign Status,Networks,Ad Group,Ad Group Status,Keyword,Match Type,Max CPC,Final URL,Ad Type,Headline 1,Headline 2,Headline 3,Headline 4,Headline 5,Description 1,Description 2,Path 1,Path 2
DT — Motorrad Grundkurs Lachen,15,Search Network only,Paused,Google search,Motorrad Grundkurs Allgemein,Enabled,motorrad grundkurs lachen,Broad,3,https://drivingteam.ch/motorrad-grundkurs-lachen?utm_source=google&utm_medium=cpc&utm_campaign=motorrad_grundkurs_lachen,,,,,,,,,,
DT — Motorrad Grundkurs Lachen,15,Search Network only,Paused,Google search,Motorrad Grundkurs Allgemein,Enabled,motorrad führerschein lachen,Broad,3,https://drivingteam.ch/motorrad-grundkurs-lachen?utm_source=google&utm_medium=cpc&utm_campaign=motorrad_grundkurs_lachen,,,,,,,,,,
DT — Motorrad Grundkurs Lachen,15,Search Network only,Paused,Google search,Motorrad Grundkurs Allgemein,Enabled,kat a kurs lachen,Broad,3,https://drivingteam.ch/motorrad-grundkurs-lachen?utm_source=google&utm_medium=cpc&utm_campaign=motorrad_grundkurs_lachen,,,,,,,,,,
DT — Motorrad Grundkurs Lachen,15,Search Network only,Paused,Google search,Motorrad Grundkurs Allgemein,Enabled,motorrad a1 lachen,Broad,3,https://drivingteam.ch/motorrad-grundkurs-lachen?utm_source=google&utm_medium=cpc&utm_campaign=motorrad_grundkurs_lachen,,,,,,,,,,
DT — Motorrad Grundkurs Lachen,15,Search Network only,Paused,Google search,Motorrad Grundkurs Allgemein,Enabled,motorrad fahrschule lachen,Broad,3,https://drivingteam.ch/motorrad-grundkurs-lachen?utm_source=google&utm_medium=cpc&utm_campaign=motorrad_grundkurs_lachen,,,,,,,,,,
DT — Motorrad Grundkurs Lachen,15,Search Network only,Paused,Google search,Motorrad Grundkurs Allgemein,Enabled,kat a35kw lachen,Broad,3,https://drivingteam.ch/motorrad-grundkurs-lachen?utm_source=google&utm_medium=cpc&utm_campaign=motorrad_grundkurs_lachen,,,,,,,,,,
DT — Motorrad Grundkurs Lachen,15,Search Network only,Paused,Google search,Motorrad Grundkurs Allgemein,Enabled,motorrad grundkurs,Broad,2.5,https://drivingteam.ch/motorrad-grundkurs-lachen?utm_source=google&utm_medium=cpc&utm_campaign=motorrad_grundkurs_lachen,,,,,,,,,,
DT — Motorrad Grundkurs Lachen,15,Search Network only,Paused,Google search,Motorrad Grundkurs Allgemein,Enabled,motorrad führerschein schweiz,Broad,2,https://drivingteam.ch/motorrad-grundkurs-lachen?utm_source=google&utm_medium=cpc&utm_campaign=motorrad_grundkurs_lachen,,,,,,,,,,
DT — Motorrad Grundkurs Lachen,15,Search Network only,Paused,Google search,Motorrad Grundkurs Allgemein,Enabled,Responsive search ad,,,,https://drivingteam.ch/motorrad-grundkurs-lachen?utm_source=google&utm_medium=cpc&utm_campaign=motorrad_grundkurs_lachen,Responsive Search Ad,Motorrad Grundkurs Lachen,Kat. A1 & A35kW buchen,Motorrad Führerschein Lachen,Kleine Gruppen | Top Fahrlehrer,Online buchbar – sofort bestätigt,Grundkurs Kat. A1 & A35kW in Lachen SZ. Flexible Termine – zertifizierte Fahrlehrer.,Motorrad-Führerschein in Lachen. Einfach online buchen und Kursplatz sichern.,Motorrad,Grundkurs
DT — Motorrad Grundkurs Zürich,15,Search Network only,Paused,Google search,Motorrad Grundkurs Allgemein,Enabled,motorrad grundkurs zürich,Broad,3,https://drivingteam.ch/motorrad-grundkurs-zuerich?utm_source=google&utm_medium=cpc&utm_campaign=motorrad_grundkurs_zuerich,,,,,,,,,,
DT — Motorrad Grundkurs Zürich,15,Search Network only,Paused,Google search,Motorrad Grundkurs Allgemein,Enabled,motorrad führerschein zürich,Broad,3,https://drivingteam.ch/motorrad-grundkurs-zuerich?utm_source=google&utm_medium=cpc&utm_campaign=motorrad_grundkurs_zuerich,,,,,,,,,,
DT — Motorrad Grundkurs Zürich,15,Search Network only,Paused,Google search,Motorrad Grundkurs Allgemein,Enabled,kat a kurs zürich,Broad,3,https://drivingteam.ch/motorrad-grundkurs-zuerich?utm_source=google&utm_medium=cpc&utm_campaign=motorrad_grundkurs_zuerich,,,,,,,,,,
DT — Motorrad Grundkurs Zürich,15,Search Network only,Paused,Google search,Motorrad Grundkurs Allgemein,Enabled,motorrad a1 zürich,Broad,3,https://drivingteam.ch/motorrad-grundkurs-zuerich?utm_source=google&utm_medium=cpc&utm_campaign=motorrad_grundkurs_zuerich,,,,,,,,,,
DT — Motorrad Grundkurs Zürich,15,Search Network only,Paused,Google search,Motorrad Grundkurs Allgemein,Enabled,motorrad fahrschule zürich,Broad,3,https://drivingteam.ch/motorrad-grundkurs-zuerich?utm_source=google&utm_medium=cpc&utm_campaign=motorrad_grundkurs_zuerich,,,,,,,,,,
DT — Motorrad Grundkurs Zürich,15,Search Network only,Paused,Google search,Motorrad Grundkurs Allgemein,Enabled,motorrad grundkurs altstetten,Broad,3,https://drivingteam.ch/motorrad-grundkurs-zuerich?utm_source=google&utm_medium=cpc&utm_campaign=motorrad_grundkurs_zuerich,,,,,,,,,,
DT — Motorrad Grundkurs Zürich,15,Search Network only,Paused,Google search,Motorrad Grundkurs Allgemein,Enabled,kat a35kw zürich,Broad,2.5,https://drivingteam.ch/motorrad-grundkurs-zuerich?utm_source=google&utm_medium=cpc&utm_campaign=motorrad_grundkurs_zuerich,,,,,,,,,,
DT — Motorrad Grundkurs Zürich,15,Search Network only,Paused,Google search,Motorrad Grundkurs Allgemein,Enabled,motorrad grundkurs,Broad,2,https://drivingteam.ch/motorrad-grundkurs-zuerich?utm_source=google&utm_medium=cpc&utm_campaign=motorrad_grundkurs_zuerich,,,,,,,,,,
DT — Motorrad Grundkurs Zürich,15,Search Network only,Paused,Google search,Motorrad Grundkurs Allgemein,Enabled,Responsive search ad,,,,https://drivingteam.ch/motorrad-grundkurs-zuerich?utm_source=google&utm_medium=cpc&utm_campaign=motorrad_grundkurs_zuerich,Responsive Search Ad,Motorrad Grundkurs Zürich,Kat. A1 & A35kW buchen,Motorrad Führerschein Zürich,Kurs in Zürich Altstetten,Online buchbar – sofort bestätigt,Grundkurs Kat. A1 & A35kW in Zürich Altstetten. Flexible Termine – top Fahrlehrer.,Motorrad-Führerschein in Zürich. Einfach online buchen und Kursplatz sichern.,Motorrad,Grundkurs
